{
    "LSTAT": 0.41444161534309387,
    "RM": 0.16239938139915466,
    "CRIM": 0.07545621693134308,
    "PTRATIO": 0.05377110093832016,
    "INDUS": 0.030799098312854767,
    "TAX": 0.03417528420686722,
    "NOX": 0.19663815200328827,
    "B": 0.03231916204094887
}