{
    "train_r2": 0.9914758285249,
    "test_r2": 0.8418164252714903,
    "train_rmse": 0.8994104423417371,
    "test_rmse": 3.224356648500945,
    "train_mae": 0.6470283273923194,
    "test_mae": 2.1363143826785835
}